,IM,SD
Koreatown,0.28312196,1.0934515
East Hollywood,0.210429,0.4235587
Pico Union,0.2430393,0.8362588
Westlake,0.2602604,1.083973
Lomita,0.1191318,0.4441558
